(	1
)	1
34H	1
africanum	1
Allium	1
americanus	1
anaemia	1
anserina	1
aphidicola	1
appendiculatus	1
Armenian	1
Ashbya	1
aurantiaca	1
avian	1
bayleaf	1
BCG	1
bill	1
blast	1
Blumeria	1
Bombyx	1
Bos	1
Botrytis	1
Bovine	1
brown	1
Buchnera	1
bull	1
Caenorhabds	1
Calf	1
camicasi	1
Campylobacter	1
canadensis	1
cani	1
canine	1
Canis	1
canis7	1
canisqnfected	1
ceylanicum	1
Chaetomium	1
Chamomile	1
Chinese	1
Chironomus	1
Chlorobium	1
cinchona	1
citratus	1
clarki	1
Coho	1
Colwellia	1
confluentus	1
contortus	1
Cordia	1
cotton	1
crab	1
Cryptococcus	1
cucumber	1
curassavica	1
cutthroat	1
Cymbopogon	1
cytomegalovirus	1
DE3	1
decoloratus	1
Deer	1
Deinococcus	1
Desulfitobacterium	1
Dictyostelium	1
diplosiphon	1
discoideum	1
dispar	1
duodenale	1
durans	1
enterica	1
Enterococcus	1
Entomaphaga	1
epidermidis	1
Eremothecium	1
Eryngium	1
ES114	1
Eucalyptus	1
evertsi	1
Faecium	1
familiaris	1
fish	1
fission	1
flabellifolia	1
foetidium	1
Fortal	1
fragrans	1
Fremyella	1
fruitfly	1
fungus	1
Garlic	1
Gibberella	1
Ginger	1
girl	1
globosum	1
golden	1
Golden	1
gonorrhoeae	1
graminis	1
groupSchemeGenesTotal	1
Haemogogus	1
haemolyticus	1
Haemophilus	1
hafniense	1
hamsters	1
Heligmosomoides	1
Heligmosomoidespolygyrus	1
Hemorrhagic	1
Homo	1
hookworm	1
horses	1
Horses	1
Hydrastis	1
infant	1
infestans	1
influenzae	1
jalap	1
jejuni	1
Klebsiella	1
latipes	1
lemon	1
leprae	1
licheniformis	1
limicola	1
Lymantria	1
macrospora	1
maimaiga	1
mangabey	1
microplus	1
microti	1
MMTV	1
monodon	1
mori	1
moth	1
Mus	1
musculus	1
myeloblastosis	1
Myristica	1
Myrothamnus	1
myxoma	1
N16961	1
Necator	1
necrosis	1
neivai	1
neoformans	1
olivaceous	1
Orzzias	1
pancreatic	1
parahaemoliticus	1
parahaemolyticus	1
Paralichthys	1
Participant	1
pastoris	1
pea	1
Penaeus	1
peoples	1
Person	1
Pichia	1
pipens	1
Podospora	1
polygyrus	1
psychrerythraea	1
pumilio	1
pyogenes	1
quiquefasciatusshowed	1
Rabbit	1
ramorum	1
reesei	1
rhinovirus	1
rhubarb	1
Salmon	1
Salvelinus	1
sanguineus	1
sanguis	1
sapiens	1
saprophyticus	1
sativum	1
schoolchildren	1
Sclerotinia	1
scrofa	1
Seal	1
Septicemia	1
serrata	1
shrimp	1
Simian	1
SIVmac239	1
sojae	1
sooty	1
Sordaria	1
sorghum	1
Sorghum	1
Species	1
spiralis	1
splendiduds	1
splendidus	1
splendidus12B01	1
Stagonospora	1
steelhead	1
Stigmatella	1
stripe	1
Sus	1
SV40	1
Syrian	1
tailed	1
taurus	1
teleost	1
thummi	1
timopheevi	1
Trichinella	1
trichiura	1
Trichoderma	1
Trichuris	1
tritaeniorhynchus	1
tritaeniorhyncus	1
Triticum	1
tropicalis	1
trutta	1
Tubifex	1
Tx	1
TX	1
type	1
typhimurium	1
umbratilis	1
var	1
Viral	1
Virus	1
White	1
woodpeckers	1
Y51	1
zambesiensis	1
Zebrafish	1
Zingibe	1
0395	2
12B01	2
20	2
adenovirus	2
Anisakis	2
Anopheles	2
anthrax	2
Ascaris	2
bananas	2
barley	2
beni	2
bicolor	2
Boophilus	2
bovis	2
boys	2
briggsae	2
Calves	2
caniinfected	2
chamomilla	2
Child	2
chrysosporium	2
crassa	2
cyanobacterial	2
CYANOBACTERIAL	2
Dawley	2
donkey	2
donkeys	2
Encephalitozoon	2
fischeri	2
gambiae	2
girls	2
Goat	2
gossypii	2
guineapigs	2
H	2
Helicobacter	2
Hymenocallis	2
immunodeficiency	2
infants	2
infectious	2
lemongrass	2
longipalpis	2
macaque	2
mansoni	2
Matricaria	2
Men	2
MO10	2
mosaic	2
mules	2
Murine	2
mykiss	2
N	2
Neisseria	2
Neurospora	2
nutmeg	2
oneidensis	2
Phanerochaete	2
pneumoniae	2
purpurea	2
Rainbow	2
Rat	2
Rats	2
RC385	2
rhesus	2
Salmonella	2
Schistosoma	2
Scylla	2
shadon	2
Shewanella	2
simplex	2
simulans	2
smallpox	2
Solanum	2
Sprague	2
strain	2
Streptococcusfaecalis	2
Synechococcus	2
tobacco	2
tubifex	2
tubiflora	2
U	2
V51	2
V52	2
VHSV	2
weihenstephanensis	2
zebrafish	2
Zingiber	2
3TCK	3
aestivum	3
Aloe	3
and	3
Aspergillus	3
Atlantic	3
BL21	3
black	3
Campephilus	3
caninum	3
corn	3
cow	3
disease	3
dogs	3
Dryocopus	3
FAECIUM	3
fly	3
FMDVs	3
foot	3
gratissimum	3
hamster	3
laevis	3
Leonotis	3
M13	3
Magnaporthe	3
Man	3
MED222	3
meningitidis	3
mouth	3
Myxobolus	3
nepetifolia	3
nidulans	3
Ocimum	3
officinale	3
Oncorhynchus	3
Patient	3
Phytophthora	3
pileatus	3
Potato	3
principalis	3
pseudovishnui	3
pylori	3
rodent	3
sage	3
Streptococcusfaecium	3
tarsalis	3
Tetrastigma	3
vera	3
YJ016	3
1	4
annulus	4
Arabidopsis	4
Bacillus	4
bacteriophage	4
Burkholderia	4
cinerea	4
CMCP6	4
flies	4
ginger	4
nude	4
People	4
pipiens	4
Pseudomonas	4
quinquefasciatus	4
radiodurans	4
Schizosaccharomyces	4
sclerotiorum	4
tulsi	4
woman	4
Xenopus	4
Yeast	4
Ancylostoma	5
child	5
Children	5
Echinacea	5
G	5
Guinea	5
HIV	5
horse	5
onion	5
Persons	5
shandileer	5
SS9	5
Staphylococcus	5
thaliana	5
thuringiensis	5
Ustilago	5
vishnui	5
Women	5
anthracis	6
cuniculi	6
garlic	6
horseradish	6
maize	6
man	6
Mycobacterium	6
nodorum	6
pombe	6
Rhipicephalus	6
rice	6
salmon	6
zeae	6
avium	7
faecalis	7
maydis	7
rabbits	7
voinierianum	7
vulnificus	7
Lutzomyia	8
Mice	8
Mouse	8
Photobacterium	8
pseudomallei	8
Saccharomyces	8
profundum	9
Streptococcus	9
Toxocara	9
aureus	10
Borrelia	10
boy	10
cattle	10
D	10
Caenorhabditis	11
cerebralis	11
virus	11
chick	12
cows	12
Escherichia	12
melanogaster	13
tuberculosis	13
worms	14
Vibrio	15
participant	17
chicken	18
cholerae	18
MRSA	18
Participants	18
goat	19
grisea	19
humans	19
person	19
tuberosum	20
V	20
cerevisiae	21
canis	22
Patients	22
pig	22
P	24
group	26
T	26
aeruginosa	27
calves	27
faecium	29
pigs	29
smegmatis	29
calf	31
rabbit	31
rainbow	31
sheep	31
Human	32
Woodpeckers	32
cereus	33
guinea	34
suum	34
A	35
trout	36
Drosophila	37
rat	37
bovine	38
mallei	43
intermedia	45
whitmani	48
billed	49
Ivory	50
persons	51
potato	53
FMDV	56
tb	56
children	62
wheat	65
murine	66
rats	67
E	71
participants	71
burgdorferi	76
Pileated	76
coli	79
men	80
S	84
L	89
Woodpecker	91
elegans	93
-	96
yeast	97
C	110
women	111
people	112
M	128
B	159
patient	159
mouse	174
mice	271
human	334
patients	437
.	767
