A	1
Acer	1
Achromobacter	1
Achromobacter	1
A	1
A	1
A	1
A	1
A	1
Alces	1
Almophrya	1
Arctic	1
A	1
Asian	1
Aspergillus	1
Aspergillus	1
A	1
ATMT0225B6	1
A	1
Bathygobius	1
B	1
B	1
Bemisia	1
Betaproteobacteria	1
betaproteobacterium	1
B	1
B	1
B	1
B	1
B	1
Brassica	1
B	1
Bythotrephes	1
Campylobacter	1
Campylobacter	1
Campylobacter	1
C	1
C	1
Chaenogobius	1
chimpanzees	1
Chlamydia	1
Chlorella	1
coho	1
Colpoda	1
common	1
corn	1
Cotterillia	1
cotton	1
Dalbulus	1
Daucus	1
Delphacodes	1
Dengue	1
dengue	1
DSM	1
E	1
E	1
Eretmocerus	1
E	1
Eudrilophrya	1
European	1
E	1
fungal	1
Fusariumboothii	1
glassy	1
Glassy	1
Glomus	1
great	1
G	1
H1N1pdm	1
H1N1pdm	1
H5	1
H5	1
Helicoverpa	1
Helicoverpa	1
hepatitis	1
Hepatitis	1
Holopedium	1
Homalodisca	1
Homalodisca	1
house	1
Human	1
human	1
human	1
IL1403	1
influenza	1
influenza	1
Influenza	1
Japanese	1
JCM	1
JEV	1
K	1
K	1
Leucena	1
Leuciscus	1
L	1
Lotus	1
Lotus	1
Lotus	1
LPU83	1
M	1
Metaracoelophrya	1
Methanobacterium	1
Methanobacterium	1
Microsporum	1
MoCDC15	1
moose	1
Mouse	1
Muscidifurax	1
Mus	1
Nicotiana	1
Njinella	1
Nocardioides	1
Nocardioides	1
Nocardioides	1
Nocardioides	1
N	1
NUM	1
ORFV	1
ORFV002	1
orf	1
Oryza	1
P	1
pandemic	1
Pandemic	1
Paraclausilocola	1
Paraclausilocola	1
Parus	1
Peromyscus	1
PERV	1
PERV	1
Phaseolus	1
Platynota	1
porcine	1
Porcine	1
P	1
pseudorabies	1
Quercus	1
Raabena	1
rapeseed	1
Rhizobium	1
rice	1
R	1
Salmo	1
S	1
seasonal	1
seasonal	1
S	1
silkmoth	1
silver	1
Sinorhizobium	1
S	1
Spalangia	1
Spalangia	1
S	1
S	1
S	1
Streptococcus	1
Streptococcus	1
S	1
swine	1
sycamore	1
Tillandsia	1
Trichophyton	1
tropical	1
T	1
Vesicular	1
viral	1
wax	1
West	1
White	1
wild	1
WN	1
Xylella	1
yellow	1
2009	2
2009	2
26	2
35S	2
871	2
9715	2
A	2
A	2
A	2
A	2
A	2
A	2
Abeoforma	2
Abeoforma	2
Acanthamoeba	2
Acetobacterium	2
adenoviral	2
Adenovirus	2
Adenovirus	2
Aedes	2
Aeromonas	2
African	2
Africanized	2
African	2
Agaricus	2
Agrobacteriumtumefaciens	2
Agrobacterium	2
Agrobacterium	2
A	2
A	2
Aleutian	2
Aleutian	2
Alliaria	2
Alligator	2
American	2
Ammophila	2
Amoebophrya	2
Amphidinium	2
Amphiprion	2
A	2
A	2
A	2
Anopheles	2
An	2
anthrax	2
anti	2
A	2
A	2
Apis	2
Apis	2
Asia	2
Asia	2
Asian	2
Aspergillus	2
Aspergillus	2
A	2
A	2
Aureococcus	2
Auricularia	2
Auritidibacter	2
Bacillus	2
Bacillus	2
Bacillus	2
bacteriophage	2
Baculovirus	2
baculoviruses	2
Baetis	2
Baikalospongia	2
Baikalospongia	2
B	2
B	2
barbadensis	2
Barbarea	2
B	2
B	2
B	2
B	2
B	2
Bean	2
Beet	2
Beet	2
Beet	2
Beta	2
Beutenbergia	2
Bifidobacterium	2
Bifidobacterium	2
BL21	2
black	2
black	2
black	2
Blacktip	2
black	2
black	2
Blastocrithidia	2
blue	2
blue	2
Blumeria	2
B	2
body	2
Bombyx	2
Botryotinia	2
Brassica	2
Brassica	2
B	2
brook	2
buffalo	2
Burkholderia	2
CAIM	2
Callosobruchus	2
Caloranaerobacter	2
Camponotus	2
Candida	2
Candida	2
Carcharhinus	2
Carex	2
Casaurina	2
Cassava	2
C	2
CCUG	2
C	2
Cereal	2
C	2
charr	2
Chelonia	2
Chlamydomonas	2
Chlorella	2
Chlorella	2
C	2
Chrysodeixis	2
Chusquea	2
citrus	2
Citrus	2
class	2
class	2
class	2
C	2
Coccinella	2
Cochliobolus	2
Cochliobolus	2
Coereba	2
Colophospermum	2
Colorado	2
Colorado	2
Colpodella	2
common	2
Conotrachelus	2
corn	2
corn	2
Cotesia	2
Cotterillia	2
coxsackievirus	2
coxsackievirus	2
CpBV	2
C	2
C	2
Crithidia	2
Crithidia	2
Crithidia	2
Cryptococcus	2
Cuban	2
cuckoos	2
Cucurbit	2
cv	2
Cyanidioschyzon	2
Cyphorhinus	2
D	2
D	2
Datisca	2
D	2
Deltapga1	2
Dendropsophus	2
Dermacentor	2
Dermamoeba	2
D	2
Diabrotica	2
diamondback	2
Diplonema	2
D	2
D	2
D	2
DSM	2
duck	2
Duck	2
duck	2
duck	2
duck	2
Dunaliella	2
E	2
Ebola	2
E	2
Eciton	2
E	2
E	2
ectromelia	2
E	2
E	2
Eichhornia	2
Eimeria	2
Eimeria	2
Elatobium	2
E	2
Emmonsia	2
Entamoeba	2
Entodinium	2
E	2
Epidinium	2
Erwinia	2
Erwinia	2
Erythrura	2
Escherichia	2
E	2
Eudiplodinium	2
Eupolyphaga	2
Eurasian	2
European	2
Fagus	2
F	2
FGSC	2
FGSC	2
Filoreta	2
fire	2
Flavobacterium	2
Flavobacterium	2
Flavobacterium	2
Flavobacterium	2
Flock	2
Florida	2
F	2
FMDV	2
F	2
foot	2
foot	2
Formica	2
F	2
F	2
Friend	2
Friend	2
FtsZ	2
Fusarium	2
Fusarium	2
Fusarium	2
Fusariumgraminearum	2
Fusarium	2
Fusarium	2
Fusariumsacchari	2
Fusarium	2
Fusarium	2
Galaxias	2
Galeocerdo	2
G	2
Geleia	2
genus	2
Geobacter	2
Geocoris	2
giant	2
Gibberella	2
G	2
Glossinia	2
goatpox	2
goat	2
Gordonia	2
Gordonia	2
Gordonia	2
Gordonia	2
Gouldian	2
Grapholita	2
Grapholita	2
greenhouse	2
grey	2
Gryllus	2
Gryllus	2
GTPV	2
Gymnodinium	2
Gyrodinium	2
H1N1	2
H1N1pdm	2
H3	2
H5N1	2
H9N2	2
Hartmannella	2
Hartmannella	2
H	2
Helicobacter	2
Helicoverpa	2
Heliothis	2
hens	2
hepatitis	2
Hepatitis	2
hepatitis	2
hepatitis	2
hepatitis	2
hepatitis	2
H	2
Heteractis	2
Hippodamia	2
Histoplasma	2
HIV	2
HIV	2
HIV	2
Honeybees	2
hordei	2
Horseradish	2
horses	2
house	2
HPV16	2
Hs	2
H	2
HTCC2503T	2
human	2
Human	2
human	2
human	2
Human	2
human	2
human	2
Human	2
human	2
human	2
human	2
Human	2
Hv	2
H	2
Hymenoptera	2
Ignicoccus	2
Indian	2
infectious	2
Infectious	2
Influenza	2
influenza	2
JA	2
jackfruit	2
JA	2
JCM	2
Jiangella	2
Jiangella	2
Jiangella	2
Junin	2
K	2
Kaposi	2
Kaposi	2
Kentrophoros	2
Kentrophoros	2
K	2
K	2
Kluyveromyces	2
Labedella	2
Lactococcus	2
Larkinella	2
Lasius	2
Lassa	2
L	2
L	2
leafminer	2
Leavenworthia	2
Leifsonia	2
Leptinotarsa	2
lethal	2
Liriomyza	2
Litsea	2
LMG	2
L	2
L	2
loblolly	2
Lolium	2
London	2
long	2
Loxigilla	2
Loxodonta	2
lsaria	2
LSDV	2
L	2
Lubomirskia	2
lumpy	2
Macaca	2
M	2
Magnaporth	2
Maize	2
Maize	2
maize	2
Malus	2
Mammalian	2
Manihot	2
Mantamonas	2
Mantamonas	2
Marek	2
Marek	2
Maribacter	2
marine	2
Marinobacterium	2
Marinobacterium	2
Marinobacterium	2
Mauritius	2
Measles	2
Medicago	2
Megaphorura	2
Melanotaenia	2
meningococcal	2
Metaphycus	2
Metarhizium	2
Methanobacterium	2
Methanocaldococcus	2
Methanoregula	2
Methanosarcina	2
Methanothermobacter	2
Mexican	2
Mice	2
Micrometopion	2
Microterricola	2
Microtus	2
Minimassisteria	2
Mink	2
M	2
monkeypox	2
monkeypox	2
Morchella	2
Morels	2
mouse	2
M	2
mud	2
mud	2
Mud	2
murine	2
MutSL	2
mycoplasma	2
Myrmica	2
N	2
narcissus	2
native	2
N	2
N	2
NDV09	2
NDV	2
Neisseria	2
Neisseria	2
Neosartorya	2
Neurosporacrassa	2
Neurospora	2
newman	2
New	2
N	2
Nicotiana	2
Ni	2
N	2
Nocardia	2
Nocardia	2
Nocardioides	2
Notiomystis	2
N	2
N	2
Nudifila	2
N	2
N	2
O157	2
oaks	2
O	2
O	2
Ochromonas	2
O	2
Omegastrombidium	2
Opius	2
oriental	2
Oriental	2
oriental	2
Oryza	2
Oscillochloris	2
Osmia	2
Osspr1	2
Ovulinata	2
P	2
pandemic	2
pandemic	2
Panonychus	2
papaya	2
Paracercomonas	2
Paracoccidioides	2
Parkinsonia	2
Parvularcula	2
Paulinella	2
P	2
P	2
P	2
P	2
P	2
P	2
P	2
pea	2
Peach	2
peanut	2
PemoNPV	2
Penaeus	2
Penaeus	2
Penaeus	2
Penicillium	2
Penicillium	2
Peregrinia	2
Perkinsus	2
Persea	2
PERV	2
PERVs	2
P	2
Phycicoccus	2
Phycicoccus	2
Phyllotreta	2
Phytophthora	2
Picea	2
Pichiapastoris	2
Pieris	2
Pilophorus	2
Pilophorus	2
pink	2
Pinus	2
Pirum	2
Pirum	2
Plasmodium	2
Platanus	2
Ploesoma	2
plum	2
P	2
P	2
Poephila	2
Pomatostomus	2
poplar	2
Populus	2
Populus	2
porcine	2
porcine	2
Potato	2
Potato	2
Potato	2
Poterioochromonas	2
poultry	2
P	2
Prasinoderma	2
Prunus	2
Pseudacteon	2
Pseudomonas	2
Pseudomonas	2
Pseudomonas	2
P	2
Puma	2
PVX	2
rainbowfish	2
Rana	2
R	2
rat	2
rat	2
R	2
Red	2
red	2
red	2
redshanks	2
Redshanks	2
Reston	2
R	2
Retroviral	2
Rhabdomys	2
rhesus	2
Rhipicephalus	2
Rhizobium	2
Rhizoctonia	2
Rhizopus	2
Rice	2
Ricinus	2
Riemerella	2
ring	2
root	2
Rumex	2
Rupicapra	2
Saccharomycopsis	2
Saccharophagus	2
Saccharum	2
Salana	2
Salvelinus	2
Salvelinus	2
Sarcophaga	2
S	2
S	2
S	2
Scytosiphon	2
Serinibacter	2
Serinicoccus	2
Serinicoccus	2
Serinicoccus	2
serotype	2
serotype	2
serotype	2
Serratia	2
Serratia	2
Seychelles	2
S	2
sheep	2
sheeppox	2
Shiitake	2
Shiitake	2
Silkworm	2
silkworm	2
Simian	2
Simkania	2
Simkania	2
Sindbis	2
SINV	2
S	2
Sitka	2
SIV	2
SIVagmTan	2
S	2
S	2
S	2
S	2
Solanum	2
Solanum	2
Solenopsis	2
Somateria	2
sooty	2
Sorghum	2
soybean	2
Soybean	2
Spilocaea	2
Spirochaeta	2
S	2
Spodoptera	2
Spodoptera	2
Spodoptera	2
Spongospora	2
SPPV	2
spr2	2
S	2
Stachyamoeba	2
STEC	2
steelhead	2
Sterkiella	2
strain	2
Strains	2
strains	2
strains	2
Streptococcus	2
Streptococcus	2
Streptomyces	2
Streptomyces	2
Streptomyces	2
Streptomyces	2
Streptomyces	2
Sulfolobus	2
sweetpotato	2
swine	2
T4	2
Taura	2
TBE	2
Tenebrio	2
Tetrahymena	2
Tetrahymena	2
Tetrahymena	2
Tetrahymena	2
Tetrahymena	2
Thalassiosira	2
Thamnophis	2
Theiler	2
Theobroma	2
Theobroma	2
Thermohalobacter	2
Thermoproteus	2
Thiomonas	2
Thiomonas	2
Thiomonas	2
Thlaspi	2
Thlaspi	2
threshers	2
Tick	2
tick	2
Tischeria	2
TMEV	2
Tomato	2
tomato	2
transmissible	2
Tremula	2
Tribolium	2
Trichogramma	2
Triticum	2
Triticum	2
Trypanosoma	2
TSV	2
Tuber	2
Turdus	2
Turk	2
Turnip	2
Turnip	2
T	2
type	2
Ugandan	2
Umbonium	2
Vaccinia	2
vaccinia	2
Variola	2
variola	2
Venezuelan	2
Venturia	2
Verticillium	2
vibrio	2
Vibrio	2
V	2
virus	2
virus	2
voles	2
Vorticella	2
V	2
Vrihiamoeba	2
VVCop	2
VVDeltaK3L	2
VZV	2
wasp	2
western	2
western	2
West	2
white	2
wild	2
WN	2
WNV	2
worker	2
WSSV	2
WT	2
Xanthomonas	2
yellow	2
yellow	2
YHV	2
Zea	2
Bacillus	3
Blastomyces	3
Borrelia	3
cabbage	3
Chaetomium	3
coho	3
CVB3	3
C	3
H5N1	3
H	3
hepatitis	3
herpes	3
H	3
Larkinella	3
Medicago	3
pigs	3
P	3
Rhizobium	3
R	3
steelhead	3
tawny	3
Trichosurus	3
varicella	3
wSinvictaA	3
Acrocephalus	4
Acyrthosiphon	4
Ad	4
adenovirus	4
Agrobacterium	4
alfalfa	4
AMDV	4
AMDV	4
American	4
Amnibacterium	4
Amoebophrya	4
Amylostereum	4
Anopheles	4
Anoxybacillus	4
Anoxybacillus	4
Antheraea	4
Artemisia	4
Asian	4
Auritidibacter	4
Bacillus	4
Bactrocera	4
baculovirus	4
BChV	4
bean	4
Blastocladiella	4
BLRV	4
blue	4
B	4
BMYV	4
bread	4
B	4
B	4
Burkholderia	4
BWYV	4
CABYV	4
Candida	4
Candida	4
canine	4
castor	4
C	4
C	4
Cephalanthera	4
C	4
Clostridiisalibacter	4
Clostridium	4
Cochliomyia	4
Colpoda	4
Coprinopsis	4
Copromyxa	4
Corynebacterium	4
Corynebacterium	4
Corythucha	4
Cotesia	4
Cotterillia	4
cow	4
Coxsackievirus	4
Cronartium	4
cucumber	4
Culex	4
CYDV	4
Debaryomyces	4
Diabrotica	4
durum	4
E1162DeltaintA	4
EHEC	4
EHEC	4
Elephant	4
Entamoeba	4
Entamoeba	4
Enterococcus	4
Epstein	4
F	4
Flavobacterium	4
Flavobacterium	4
FMD	4
FMDV	4
F	4
Fusarium	4
Fusarium	4
FV	4
F	4
garter	4
Geleia	4
Ginkgo	4
Glomus	4
G	4
goats	4
Gordonia	4
greater	4
great	4
green	4
grey	4
Gymnodinium	4
gyrfalcons	4
H1	4
H1N1	4
H99	4
Heliconius	4
Hepatitis	4
hihi	4
H	4
honeybees	4
honey	4
Hortaea	4
house	4
H	4
human	4
Hypocrea	4
infectious	4
influenza	4
JC	4
Jiangella	4
Klebsiella	4
Klebsormidium	4
K	4
Larrea	4
L	4
leafminers	4
Lentinula	4
Leptogium	4
Litoreibacter	4
Litoreibacter	4
L	4
Lotus	4
LPU83	4
Lucilia	4
Manihot	4
M	4
Marinobacterium	4
M	4
melon	4
Mesorhizobium	4
Metarhizium	4
Methanobacterium	4
Methanobacterium	4
Methanoregula	4
Methanoregula	4
Methanoregula	4
Miniimonas	4
mink	4
M	4
M	4
MMV	4
morels	4
M	4
Mussismilia	4
Mycobacterium	4
Mycoplasma	4
Mygona	4
Myxococcus	4
N	4
Neisseria	4
Neisseria	4
Nilaparvata	4
northern	4
Nothofagus	4
Odontoglossum	4
Oramoeba	4
Orseolia	4
Oscillochloris	4
Ostrinia	4
Paramecium	4
Paramecium	4
Parasterkiella	4
Parvularcula	4
P	4
P	4
P	4
pea	4
Pectinophora	4
Pelargonium	4
Penicillium	4
Peregrinus	4
P	4
Phaeodactylum	4
Phytophthora	4
Phytophthora	4
Picea	4
Pichia	4
Plasmodium	4
PLRV	4
plum	4
Plutella	4
Polysphondylium	4
predatory	4
Proteus	4
PRV	4
Pseudacteon	4
Pseudomonas	4
P	4
P	4
P	4
Quercus	4
rabbits	4
red	4
red	4
redshank	4
reindeer	4
retroviral	4
rhesus	4
Rhipicephalus	4
Rhodnius	4
rice	4
roundhead	4
Salmonella	4
S	4
SbDV	4
Scardovia	4
Scardovia	4
Sceloporus	4
S	4
Scrippsiella	4
Seychelles	4
sheep	4
S	4
Sitophilus	4
S	4
S	4
Solenopsis	4
Song	4
Sordaria	4
Sparrowhawk	4
Spodoptera	4
S	4
S	4
stable	4
Staphylococcus	4
STEC	4
Stichococcus	4
stink	4
Streptococcus	4
Streptococcus	4
Streptomyces	4
Streptomyces	4
striped	4
subtype	4
sugarcane	4
S	4
sycamore	4
Synechocystis	4
Synechocystis	4
T	4
Tetranychus	4
TGEV	4
Thermasporomyces	4
Tiaris	4
T	4
tobacco	4
Tomato	4
Toxoneuron	4
Trichoderma	4
Trichoderma	4
Trichoplusia	4
Turk	4
TuYV	4
type	4
Varicella	4
Variovorax	4
VarV	4
VEE	4
vesicular	4
western	4
white	4
white	4
willow	4
Xanthomonas	4
X	4
Xoo	4
6C	5
broccoli	5
Chikungunya	5
Galleria	5
H1N1	5
HSV	5
H	5
influenza	5
influenza	5
Legionella	5
M2T2B15	5
M	5
Perigord	5
severe	5
6A8	6
Aeropyrum	6
An	6
Anopheles	6
A	6
Apis	6
apple	6
A	6
brown	6
Bt	6
bull	6
chamois	6
charr	6
chickens	6
Chromera	6
cotton	6
C	6
CRF01	6
C	6
DBM	6
E	6
Ebola	6
G	6
H	6
Helianthus	6
hepatitis	6
honey	6
housefly	6
H	6
HTCC2170	6
Human	6
human	6
human	6
H	6
IHHNV	6
IMNV	6
long	6
M2	6
MCCC	6
Metallosphaera	6
Methanococcus	6
methanogenic	6
M	6
MPX	6
Mycobacterium	6
NDV	6
Neisseria	6
Nicotiana	6
O	6
OsSPR1	6
Paracoccidioides	6
peach	6
P	6
P	6
pig	6
Plasmodiophora	6
poliovirus	6
Poliovirus	6
Porphyromonas	6
potato	6
R	6
rabbit	6
RCNMV	6
red	6
respiratory	6
Salmonella	6
Salmo	6
SARS	6
Schizosaccharomyces	6
Shigella	6
SIVcpz	6
SIVmac	6
SIVsm	6
S	6
sunflower	6
TBE	6
T	6
TBRV	6
T	6
Tetrahymena	6
Tribolium	6
truffle	6
type	6
VacV	6
V	6
viral	6
white	6
yeasts	6
fire	7
KSHV	7
L	7
Norway	7
Sinorhizobium	7
Yeast	7
A	8
Asia	8
A	8
Bdellovibrio	8
B	8
Beauveria	8
Botrytis	8
class	8
dengue	8
D	8
F	8
Fusarium	8
Geocoris	8
G	8
Gouldian	8
HAV	8
Heliothis	8
Lassa	8
L	8
lettuce	8
L	8
MDV1	8
measles	8
M	8
M	8
Musca	8
P	8
Paramecium	8
P	8
Pst	8
P	8
S	8
SIV	8
S	8
Staphylococcus	8
swine	8
tiger	8
T	8
UAMS	8
VV	8
YC6903	8
Aspergillus	9
Magnaporthe	9
Ad5	10
A	10
Aspergillus	10
B	10
B	10
cacao	10
CAV9	10
CBSV	10
C	10
chicken	10
DAstV	10
EBV	10
elephant	10
F	10
IMMIB	10
JUNV	10
KSL51201	10
LASV	10
M	10
M	10
M	10
N	10
OU	10
P	10
PV	10
Q8r1	10
simian	10
SMSP	10
S	10
Trialeurodes	10
UCBSV	10
FGSC	11
Zea	11
15	12
Atlantic	12
Bacillus	12
Bdellovibrio	12
Bemisia	12
Bombus	12
Bti	12
cattle	12
CC	12
C	12
Ch	12
cuckoo	12
dengue	12
hepatitis	12
HPV8	12
influenza	12
JEC21	12
KMM	12
KMM	12
M	12
MCDV	12
Newman	12
Oryza	12
RCMV	12
TBE	12
TBSV	12
trout	12
U	12
YM18	12
Ae	13
corn	13
A	14
B	14
cassava	14
C	14
CHIKV	14
E	14
galaxias	14
N	14
Newcastle	14
ORSV	14
P	14
pneumococcal	14
SIVmac239	14
T	14
Bombyx	15
VSV	15
Aedes	16
barley	16
B	16
CA16	16
C	16
Drosophila	16
Drosophila	16
M	16
Pseudomonas	16
Ustilago	16
vaccinia	16
F	17
S	17
silkworm	17
Arctic	18
Cryptococcus	18
Neurospora	18
T	18
Tuber	19
Arabidopsis	20
C	20
GSW	20
B	21
B	22
B	22
C	22
E	22
VZV	22
NDV	24
RSV	24
tobacco	24
A	26
C	26
humans	27
HCMV	28
T	28
A	29
Arabidopsis	29
Saccharomyces	29
Bacillus	30
brown	30
Candida	30
HBV	30
wheat	30
HDV	32
Aspergillus	37
MV	38
mouse	39
maize	40
tomato	42
Aspergillus	45
HCV	54
mice	58
rice	64
yeast	68
HIV	72
Escherichia	78
HIV	96
human	162
