A / Aichi / 472 / 2009 ( H1N1 ) pdm	1
Acer pseudoplatanus	1
Achromobacter xylosoxidans A8	1
Achromobacter xylosoxidans strain A8	1
A . flavus	1
A / H1	1
A / H1pdm	1
A / H3	1
A / H3N2 influenza viruses	1
Alces alces	1
Almophrya bivacuolata	1
Arctic springtail	1
A / Sakai / 89 / 2009 ( H1N1 ) pdm	1
Asian rice	1
Aspergillus flavus	1
Aspergillus terreus	1
A . terreus	1
ATMT0225B6	1
A . xylosoxidans	1
Bathygobius fuscus	1
B . burgdorferi	1
B . burgdorferi strain 31	1
Bemisia argentifolii	1
Betaproteobacteria	1
betaproteobacterium	1
B . fuscus	1
B . licheniformis	1
B . megaterium	1
B . mycoides	1
B . pumilus	1
Brassica oleracea var . italica	1
B . rhizoxinica HKI 0454	1
Bythotrephes longimanus	1
Campylobacter coli	1
Campylobacter fetus	1
Campylobacter fetus subsp . venerealis	1
C . fetus subsp . venerealis	1
C . gulosus	1
Chaenogobius annularis	1
chimpanzees	1
Chlamydia trachomatis	1
Chlorella strains	1
coho	1
Colpoda aspera	1
common brushtail possum	1
corn leafhopper	1
Cotterillia bromelicola	1
cotton bollworm	1
Dalbulus maidis	1
Daucus carota	1
Delphacodes kuscheli	1
Dengue	1
dengue viruses	1
DSM 21436 ( T )	1
E . coli B	1
E . ecaudatum	1
Eretmocerus eremicus	1
E . tasmaniensis	1
Eudrilophrya complanata	1
European beech	1
E viruses	1
fungal	1
Fusariumboothii	1
glassy - winged sharpshooter	1
Glassy - Winged Sharpshooter	1
Glomus etunicatum	1
great tits	1
G . sulfurreducens	1
H1N1pdm	1
H1N1pdm virus	1
H5 influenza a viruses	1
H5 viruses	1
Helicoverpa assulta	1
Helicoverpa zea	1
hepatitis A	1
Hepatitis C virus	1
Holopedium gibberum	1
Homalodisca vitripennis	1
Homalodisca vitripennis ( Germar )	1
house mouse	1
Human immunodeficiency virus type 1	1
human influenza virus	1
human influenza virus A	1
IL1403	1
influenza	1
influenza A	1
Influenza A viruses	1
Japanese encephalitis virus	1
JCM 16107 ( T )	1
JEV	1
K - 12	1
K - 12 strains of E . coli	1
Leucena leucocephala	1
Leuciscus leuciscus	1
L . lactis	1
Lotus corniculatus	1
Lotus creticus	1
Lotus tenuis	1
LPU83 - H	1
M . arctica	1
Metaracoelophrya intermedia	1
Methanobacterium bryantii	1
Methanobacterium veterum MK4 ( T )	1
Microsporum gypseum	1
MoCDC15 ( T - DNA )	1
moose	1
Mouse	1
Muscidifurax raptorellus	1
Mus domesticus	1
Nicotiana rustica	1
Njinella prolifera	1
Nocardioides aquiterrae GW - 9	1
Nocardioides dokdonensis FR1436	1
Nocardioides hankookensis DS - 30	1
Nocardioides pyridinolyticus OS4	1
N . pyridinolyticus OS4	1
NUM 1615 ( T )	1
ORFV	1
ORFV002	1
orf virus	1
Oryza rufipogon	1
P . aeruginosa strain PA103	1
pandemic influenza A / H1N1 2009	1
Pandemic influenza A / H1N1 2009 ( A / H1N1pdm ) virus	1
Paraclausilocola constricta n . gen . , n . sp .	1
Paraclausilocola elongata n . sp .	1
Parus major L .	1
Peromyscus leucopus	1
PERV	1
PERV - A	1
Phaseolus vulgaris	1
Platynota stultana	1
porcine endogenous retrovirus	1
Porcine endogenous retroviruses	1
P . penardii	1
pseudorabies virus	1
Quercus petraea	1
Raabena bella	1
rapeseed	1
Rhizobium mongolense USDA 1844	1
rice blast pathogen	1
R . mongolense 1844	1
Salmo salar	1
S . cameroni	1
seasonal influenza A / H1N1	1
seasonal influenza A / H3N2 viruses	1
S . endius	1
silkmoth	1
silver leaf whitefly	1
Sinorhizobium medicae	1
S . marcescens	1
Spalangia cameroni	1
Spalangia endius	1
S . pyogenes	1
S . ratti	1
S . suis strain 89 / 1591	1
Streptococcus pyogenes	1
Streptococcus ratti ATCC 19645	1
S . ursoris	1
swine - origin influenza A virus ( S - OIV ) ( H1N1 )	1
sycamore	1
Tillandsia heterophylla	1
Trichophyton rubrum	1
tropical japonica rice	1
T . selenica	1
Vesicular stomatitis virus	1
viral strains of A / H1N1pdm	1
wax moth	1
West Nile	1
White - footed mice	1
wild type MoCDC15	1
WN virus	1
Xylella fastidiosa ( Wells )	1
yellow fever mosquito	1
2009 H1N1 A / CA / 04 / 09 virus	2
2009 pandemic virus	2
26 / 51	2
35S : : prosys plant	2
871	2
9715	2
A . annua	2
A . annua plants	2
A . arenaria	2
A . areolatum	2
A . assamensis	2
A / AV88 ( L )	2
Abeoforma whisleri	2
Abeoforma whisleri , gen . nov . , sp . nov .	2
Acanthamoeba castellanii	2
Acetobacterium woodii	2
adenoviral	2
Adenovirus	2
Adenovirus type 5	2
Aedes aegypti mosquitoes	2
Aeromonas hydrophila	2
African elephant	2
Africanized honeybees	2
African striped mouse	2
Agaricus brasiliensis	2
Agrobacteriumtumefaciens	2
Agrobacterium tumefasciens	2
Agrobacterium tumefsciens	2
A / GS / LX / 66	2
A / H1N1pdm virus	2
Aleutian mink disease virus	2
Aleutian mink disease virus ( AMDV )	2
Alliaria petiolata	2
Alligator mississippiensis	2
American dog tick	2
Ammophila arenaria	2
Amoebophrya spp .	2
Amphidinium poecilochroum	2
Amphiprion percula	2
A . nigeralbA	2
A . niger ATCC strain 1015	2
A . niger strain	2
Anopheles quadrimaculatus	2
An . peditaeniatus	2
anthrax	2
anti - HCV	2
A . percula	2
A . petiolata	2
Apis cerana cerana	2
Apis cerana cerana ( Acc )	2
Asia 1 / CHN / 05	2
Asia 1 / YNBS / 58	2
Asian elephants	2
Aspergillus fumigatuscyp51A	2
Aspergillus parasiticus	2
A . tumefaciens	2
A / turkey / OH / 313053 / 04 ( H3N2 )	2
Aureococcus anophagefferens	2
Auricularia auricula - judae	2
Auritidibacter ignavus	2
Bacillus cereus group species	2
Bacillus thuringiensis variety israelensis	2
Bacillus thuringiensis var . israelensis	2
bacteriophage	2
Baculovirus	2
baculoviruses	2
Baetis rhodani	2
Baikalospongia intermedia	2
Baikalospongia recta	2
B . amyloliquefaciens FZB42	2
B . anthracis strain	2
barbadensis	2
Barbarea vulgaris	2
B . bacteriovorus HD100	2
B . bifidum S17	2
B . cereus	2
B . cinerea	2
B . dermatitidis	2
Bean leafroll virus	2
Beet chlorosis virus	2
Beet mild yellowing virus	2
Beet western yellows virus	2
Beta human papillomavirus ( HPV ) type 8	2
Beutenbergia cavernae	2
Bifidobacterium bifidum	2
Bifidobacterium bifidum S17	2
BL21 E . coli	2
black	2
black - legged kittiwake	2
black morels	2
Blacktip reef sharks	2
black truffle	2
black truffles	2
Blastocrithidia culicis	2
blue - footed booby	2
blue tits	2
Blumeria graminis f . sp . tritici	2
B . napus	2
body lice	2
Bombyx mori L	2
Botryotinia fuckeliana	2
Brassica napus	2
Brassica rapa	2
B . rhodani	2
brook trout	2
buffalo	2
Burkholderia rhizoxinica	2
CAIM 1449 ( T )	2
Callosobruchus maculatus	2
Caloranaerobacter azorensis	2
Camponotus herculeanus	2
Candida krusei	2
Candida tropicalis	2
Carcharhinus leucas	2
Carex scabrifolia	2
Casaurina glauca	2
Cassava brown streak virus	2
C . cantabrigiensis	2
CCUG 57943 ( T )	2
C . desouzai	2
Cereal yellow dwarf virus - RPV	2
C . flavipes Cameron	2
charr ' s	2
Chelonia mydas	2
Chlamydomonas reinhardtii	2
Chlorella minutissima	2
Chlorella vulgaris	2
C . hominivorax	2
Chrysodeixis chalcites	2
Chusquea c . f . scandens	2
citrus red mite	2
Citrus volkameriana	2
class II NDV isolates	2
class II Newcastle disease viruses	2
class II strains of Newcastle disease virus ( NDV )	2
C . mopane	2
Coccinella septempunctata L .	2
Cochliobolus heterostrophus	2
Cochliobolus luttrellii	2
Coereba flaveola	2
Colophospermum mopane	2
Colorado potato beetle	2
Colorado potato beetles	2
Colpodella edax	2
common cuckoos	2
Conotrachelus nenuphar ( Herbst )	2
corn planthopper	2
corn smut	2
Cotesia sesamiae ( Cameron )	2
Cotterillia bromelicola nov . gen . , nov . spec .	2
coxsackievirus A9	2
coxsackievirus B3	2
CpBV	2
C . pipiens	2
C . plutellae	2
Crithidia bombi	2
Crithidia deanei	2
Crithidia oncopelti	2
Cryptococcus neoformans JEC21	2
Cuban laurel thrips	2
cuckoos	2
Cucurbit aphid - borne yellows virus	2
cv Cho - Ko - Koku	2
Cyanidioschyzon merolae	2
Cyphorhinus phaeocephalus	2
D . algensis	2
D . algensis n . sp .	2
Datisca glomerata	2
D . derouxi	2
Deltapga1	2
Dendropsophus ebraccatus	2
Dermacentor variabilis	2
Dermamoeba algensis n . sp .	2
D . hansenii	2
Diabrotica virgifera virgifera ( LeConte )	2
diamondback moth	2
Diplonema papillatum	2
D . kuscheli	2
D . maidis	2
D . papillatum	2
DSM 45359 ( T )	2
duck astrovirus	2
Duck astrovirus	2
duck hepatitis A virus	2
duck plague herpesvirus	2
duck reovirus	2
Dunaliella tertiolecta	2
E . amylovora	2
Ebola viruses	2
E . caudatum	2
Eciton burchellii	2
E . coli K - 12	2
E . crassipes	2
ectromelia virus	2
E . faecium	2
E . faecium E1162	2
Eichhornia crassipes	2
Eimeria falciformis	2
Eimeria nieschulzi	2
Elatobium abietinum	2
E . maggii	2
Emmonsia parva	2
Entamoeba hartmanni	2
Entodinium caudatum	2
E . parva	2
Epidinium ecaudatum	2
Erwinia amylovora	2
Erwinia tasmaniensis	2
Erythrura gouldiae	2
Escherichia coli O84 : H4 strain 4795 / 97	2
E . sinensis	2
Eudiplodinium maggii	2
Eupolyphaga sinensis	2
Eurasian sparrowhawks	2
European corn borer	2
Fagus sylvatica	2
F . boothii	2
FGSC 9935	2
FGSC species	2
Filoreta japonica	2
fire ants	2
Flavobacterium frigoris LMG 21922 ( T )	2
Flavobacterium gelidilacus	2
Flavobacterium gelidilacus LMG 21477 ( T )	2
Flavobacterium terrae R2A1 - 13 ( T )	2
Flock House virus B2	2
Florida panthers	2
F . louisianense	2
FMDV type Asia 1	2
F . nepalense	2
foot - and - mouth disease virus	2
foot - and - mouth disease virus O	2
Formica aquilonia	2
F . oxysporum f . sp . lycopersici isolate FGSC 9935	2
F . oxysporum transformant	2
Friend retrovirus	2
Friend virus	2
FtsZ - I374V strain	2
Fusarium gerlachii + F . graminearum	2
Fusarium graminearum complex	2
Fusarium graminearum species complex	2
Fusariumgraminearum species complex	2
Fusarium louisianense	2
Fusarium nepalense	2
Fusariumsacchari	2
Fusarium spp	2
Fusarium ussurianum + Fusarium asiaticum	2
Galaxias anomalus	2
Galeocerdo cuvier	2
G . biloba	2
Geleia simplex ( Faure - Fremiet , 1951 )	2
genus Beta HPV	2
Geobacter sulfurreducens	2
Geocoris bullatus ( Say )	2
giant Australian cuttlefish	2
Gibberella zeae	2
G . intraradicesNH ( 4 )	2
Glossinia pallidipes	2
goatpox	2
goat poxvirus	2
Gordonia amarae	2
Gordonia hydrophobica	2
Gordonia malaquae	2
Gordonia terrae	2
Gouldian	2
Grapholita molesta	2
Grapholita molesta ( Busck )	2
greenhouse whitefly	2
grey - crowned babblers	2
Gryllus bimaculatus	2
Gryllus bimaculatus DeGeer	2
GTPV	2
Gymnodinium acidotum	2
Gyrodinium helveticum	2
H1N1 influenza	2
H1N1pdm viruses	2
H3 influenza virus	2
H5N1 viruses	2
H9N2 virus	2
Hartmannella cantabrigiensis	2
Hartmannella sp . 4 / 3Da / 10	2
H . cantabrigiensis	2
Helicobacter pylori	2
Helicoverpa armigera	2
Heliothis subflexa	2
hens	2
hepatitis B	2
Hepatitis B virus	2
hepatitis C viruses	2
hepatitis D	2
hepatitis delta virus	2
hepatitis delta viruses	2
H . erato	2
Heteractis magnifica	2
Hippodamia convergens Guerin - Meneville	2
Histoplasma capsulatum	2
HIV - 1 CRF01 _ AE	2
HIV - 1 strain NL4 - 3	2
HIV - 2	2
Honeybees	2
hordei	2
Horseradish	2
horses	2
house fly	2
HPV16	2
Hs	2
H . subflexa	2
HTCC2503T	2
human adenovirus	2
Human adenoviruses ( Ads )	2
human bocavirus	2
human body lice	2
Human cytomegalovirus	2
human immunodeficiency	2
human immunodeficiency virus	2
Human immunodeficiency virus	2
human lice	2
human metapneumovirus	2
human papillomavirus type 8	2
Human respiratory syncytial virus	2
Hv	2
H . werneckii	2
Hymenoptera	2
Ignicoccus hospitalis	2
Indian rhesus macaques	2
infectious hypodermal and hematopoietic necrosis virus	2
Infectious hypodermal and hematopoietic necrosis virus	2
Influenza A virus	2
influenza viruses	2
JA biosynthesis ( spr2 ) mutant	2
jackfruit	2
JA - overexpression 35S : : prosys plant	2
JCM 16421 ( T )	2
Jiangella alba YIM 61503 ( T )	2
Jiangella alkaliphila D8 - 87 ( T )	2
Jiangella gansuensis YIM 002 ( T )	2
Junin virus	2
K - 12 strain	2
Kaposi ' s sarcoma - associated herpesvirus	2
Kaposi ' s sarcoma herpesvirus	2
Kentrophoros flavus Raikov and Kovaleva , 1968	2
Kentrophoros gracilis Raikov , 1963	2
K . flavus	2
K . gracilis	2
Kluyveromyces marxianus	2
Labedella gwakjiensis KSW2 - 17 ( T )	2
Lactococcus lactis	2
Larkinella bovis	2
Lasius niger	2
Lassa virus AV	2
L . crassa	2
L . creticus	2
leafminer	2
Leavenworthia crassa	2
Leifsonia ginsengi wged11 ( T )	2
Leptinotarsa decemlineata ( Say )	2
lethal 2009 pandemic H1N1 influenza virus	2
Liriomyza huidobrensis	2
Litsea monopetala	2
LMG 25435 ( T	2
L . monopetala	2
L . niger	2
loblolly pine	2
Lolium perenne	2
London plane tree	2
long - tailed finch	2
Loxigilla noctis	2
Loxodonta cyclotis	2
lsaria ( = Paecilomyces ) sp .	2
LSDV	2
L . tridentata	2
Lubomirskia incrustans	2
lumpy skin disease virus	2
Macaca mulatta	2
M . acetivorans	2
Magnaporth oryzae	2
Maize mosaic rhabdovirus	2
Maize mosaic rhabdovirus ( MMV )	2
maize weevil	2
Malus baccata jackii	2
Mammalian orthoreoviruses	2
Manihot esculenta	2
Mantamonas plastica	2
Mantamonas plastica sp . n .	2
Marek ' s disease virus 1	2
Marek ' s disease virus type 1	2
Maribacter sp . strain HTCC2170	2
marine bacterium	2
Marinobacterium maritimum	2
Marinobacterium sediminicola	2
Marinobacterium stanieri	2
Mauritius kestrel	2
Measles virus	2
Medicago sativa	2
Megaphorura arctica	2
Melanotaenia australis	2
meningococcal	2
Metaphycus luteolus	2
Metarhizium anisopliae	2
Methanobacterium subterraneum	2
Methanocaldococcus jannaschii	2
Methanoregula boonei	2
Methanosarcina acetivorans	2
Methanothermobacter thermoautotrophicus	2
Mexican palo verde	2
Mice	2
Micrometopion nutans	2
Microterricola viridarii KV - 677 ( T )	2
Microtus oeconomus	2
Minimassisteria diva	2
Mink	2
M . micromalus	2
monkeypox virus	2
monkeypox viruses	2
Morchella rufobrunnea	2
Morels	2
mouse cytomegalovirus	2
M . raptorellus	2
mud crab	2
mud crab dicistrovirus	2
Mud crab dicistrovirus	2
murine leukemia virus ( F - MuLV )	2
MutSL knockout strain	2
mycoplasma	2
Myrmica rubra	2
N . animaloris	2
narcissus bulb fly	2
native galaxias	2
N . bacilliformis	2
N . canis	2
NDV09 - 034	2
NDV isolates	2
Neisseria canis	2
Neisseria gonorrhoeae	2
Neosartorya fischeri	2
Neurosporacrassa	2
Neurospora tetrasperma	2
newman	2
New World screw - worm	2
N . farcinica	2
Nicotiana tabacum	2
Ni . lugens	2
N . meningitidis	2
Nocardia farcinica	2
Nocardia farcinica IFM 10152	2
Nocardioides caricicola sp . nov .	2
Notiomystis cincta	2
N . pumilio	2
N . tetrasperma	2
Nudifila producta	2
N . weaveri	2
N . zoodegmatis	2
O157 : H7	2
oaks	2
O / AV99 ( L )	2
O / CHA / 99	2
Ochromonas danica	2
O . cornuta	2
Omegastrombidium elegans	2
Opius dissitus	2
oriental fruit fly	2
Oriental fruit fly	2
oriental fruit moth	2
Oryza sativa short postembryonic roots 1	2
Oscillochloris trichoides	2
Osmia cornuta	2
Osspr1	2
Ovulinata parva	2
P . aculeata	2
pandemic H1N1 influenza virus	2
pandemic influenza virus	2
Panonychus citri	2
papaya	2
Paracercomonas marina	2
Paracoccidioides lutzii	2
Parkinsonia aculeata	2
Parvularcula bermudensis HTCC2503 ( T )	2
Paulinella chromatophora	2
P . bombycina	2
P . brassicae	2
P . bursaria	2
P . circumflexum	2
P . citri	2
P . c . stanleyana	2
P . curvatus Borgmeier	2
pea aphids	2
Peach	2
peanut	2
PemoNPV	2
Penaeus monodon nucleopolyhedrovirus	2
Penaeus stylirostris	2
Penaeus vannamei	2
Penicillium citrinum	2
Penicillium marneffei	2
Peregrinia clavideferens	2
Perkinsus marinus	2
Persea bombycina	2
PERV - B	2
PERVs	2
P . fluorescens strains	2
Phycicoccus bigeumensis DSM 19264 ( T )	2
Phycicoccus dokdonensis DS - 8 ( T )	2
Phyllotreta striolata	2
Phytophthora ramorum	2
Picea glauca	2
Pichiapastoris	2
Pieris brassicae	2
Pilophorus typicus	2
Pilophorus typicus ( Distant ) ( Heteroptera : Miridae )	2
pink bollworm	2
Pinus sylvestris	2
Pirum gemmata	2
Pirum gemmata gen . nov . , sp . nov .	2
Plasmodium relictum	2
Platanus x acerifolia	2
Ploesoma hudsoni	2
plum curculios	2
P . malhamensis	2
P . mirabilis	2
Poephila acuticauda	2
Pomatostomus temporalis	2
poplar leaf beetle	2
Populus trichocarpa	2
Populus trichocarpa x deltoides	2
porcine circovirus type 2	2
porcine circovirus type 2 ( PCV2 )	2
Potato leaf roll virus	2
Potato leafroll virus	2
Potato virus X	2
Poterioochromonas malhamensis	2
poultry	2
P . pentaurelia	2
Prasinoderma coloniale	2
Prunus persica ( L . ) Batcsh	2
Pseudacteon tricuspis Borgmeier	2
Pseudomonas syringae	2
Pseudomonas syringae pv . tomato	2
Pseudomonas syringae pv . tomato DC3000	2
P . thompsoni	2
Puma concolor coryi	2
PVX	2
rainbowfish	2
Rana limnocharis	2
R . appendiculatus	2
rat	2
rat cytomegalovirus	2
R . communis	2
Red clover necrotic mosaic virus	2
red deer	2
red fox	2
redshanks	2
Redshanks	2
Reston Ebola virus	2
R . etli	2
Retroviral	2
Rhabdomys pumilio	2
rhesus macaque	2
Rhipicephalus ( Boophilus ) microplus	2
Rhizobium etli	2
Rhizoctonia solani	2
Rhizopus microsporus	2
Rice	2
Ricinus communis	2
Riemerella anatipestifer 12 / 19	2
ring ouzel	2
root voles	2
Rumex palustris	2
Rupicapra rupicapra	2
Saccharomycopsis fibuligera	2
Saccharophagus degradans 2 - 40	2
Saccharum spp .	2
Salana multivorans	2
Salvelinus alpines	2
Salvelinus alpinus	2
Sarcophaga crassipalpis	2
S . cellobiosiphila	2
S . cerevisae	2
S . coelicolor	2
Scytosiphon lomentaria	2
Serinibacter salmoneus	2
Serinicoccus marinus	2
Serinicoccus profundi sp . nov	2
Serinicoccus profundi sp . nov .	2
serotype A	2
serotype A foot - and - mouth disease virus	2
serotype D C . neoformans	2
Serratia marcescens	2
Serratia symbiotica	2
Seychelles warblers	2
S . fibuligera	2
sheep poxvirus	2
sheeppox viruses	2
Shiitake mushroom	2
Shiitake mushrooms	2
Silkworm	2
silkworm moth	2
Simian immunodeficiency virus	2
Simkania negevensis	2
Simkania negevensis strain Z	2
Sindbis	2
SINV	2
S . isovalerica	2
Sitka spruce	2
SIV ( agmTan - 1 )	2
SIVagmTan - 1	2
S . litura	2
S . macrospora	2
S . morookaense	2
S . officinarum	2
Solanum lycopersicum	2
Solanum tuberosum	2
Solenopsis invicta Buren	2
Somateria mollissima	2
sooty mangabey	2
Sorghum bicolor ( L . )	2
soybean	2
Soybean dwarf virus	2
Spilocaea pomi	2
Spirochaeta litoralis	2
S . pneumoniae	2
Spodoptera exigua	2
Spodoptera litura Fabricius	2
Spodoptera litura GV	2
Spongospora subterranea	2
SPPV	2
spr2 mutant plants	2
S . spontaneum	2
Stachyamoeba sp . ATCC50324	2
STEC O84 : H4 strain 4795 / 97	2
steelhead trout	2
Sterkiella thompsoni	2
strain Bacillus subtilis YB955 ( hisC952 metB5 leuC427 )	2
Strains G203R - T	2
strains with an active Pga1	2
strains with the pga1 ( G42R ) allele	2
Streptococcus suis	2
Streptococcus ursoris sp . nov .	2
Streptomyces lavenduligriseus	2
Streptomyces morookaense	2
Streptomyces olivaceus	2
Streptomyces pactum	2
Streptomyces parvulus	2
Sulfolobus solfataricus	2
sweetpotato whitefly	2
swine - origin influenza A ( H1N1 ) virus	2
T4	2
Taura syndrome virus	2
TBE viruses	2
Tenebrio molitor	2
Tetrahymena canadensis	2
Tetrahymena hegewischi	2
Tetrahymena pyriformis	2
Tetrahymena rostrata	2
Tetrahymena tropicalis	2
Thalassiosira pseudonana	2
Thamnophis elegans	2
Theiler ' s murine encephalitis virus	2
Theobroma cacao	2
Theobroma Cacao	2
Thermohalobacter berrensis	2
Thermoproteus neutrophilus	2
Thiomonas intermedia	2
Thiomonas islandica	2
Thiomonas perometabolis	2
Thlaspi caerulescens	2
Thlaspi caerulescens ( Ganges ecotype )	2
threshers	2
Tick - borne encephalitis ( TBE ) virus	2
tick - borne encephalitis virus	2
Tischeria ekebladella	2
TMEV	2
Tomato bushy stunt virus	2
tomato plants	2
transmissible gastroenteritis virus	2
Tremula longifila	2
Tribolium castaneum ( Herbst )	2
Trichogramma minutum ( Riley )	2
Triticum aestivum	2
Triticum durum	2
Trypanosoma cruzi	2
TSV	2
Tuber melanosporum Vittad .	2
Turdus torquatus	2
Turk rahvan horse	2
Turnip mosaic virus	2
Turnip yellows virus	2
T . weissflogii	2
type B influenza viruses	2
Ugandan cassava brown streak virus	2
Umbonium costatum	2
Vaccinia virus	2
vaccinia virus strain Copenhagen	2
Variola	2
variola virus	2
Venezuelan equine encephalitis virus	2
Venturia inaequalis	2
Verticillium dahliae	2
vibrio cholerae	2
Vibrio cholerae	2
V . inaequalis	2
virus	2
virus SIVmac239	2
voles	2
Vorticella infusionum	2
V . paradoxus	2
Vrihiamoeba italica	2
VVCop	2
VVDeltaK3L	2
VZV - induced	2
wasp	2
western corn rootworms	2
western rainbowfish	2
West Nile virus	2
white spot syndrome virus	2
wild - type ( WT ) plant	2
WN	2
WNV	2
worker honeybees	2
WSSV	2
WT plants	2
Xanthomonas oryzae pv . oryzae	2
yellow head virus	2
yellow morels	2
YHV	2
Zea mays ( L . )	2
Bacillus thuringiensis	3
Blastomyces dermatitidis	3
Borrelia burgdorferi	3
cabbage	3
Chaetomium globosum	3
coho salmon	3
CVB3	3
C . velia	3
H5N1	3
H . armigera	3
hepatitis A virus	3
herpes simplex virus type 1	3
H . vitripennis	3
Larkinella insperata	3
Medicago truncatula	3
pigs	3
P . niei	3
Rhizobium sp . strain LPU83	3
R . prolixus	3
steelhead	3
tawny owls	3
Trichosurus vulpecula	3
varicella - zoster virus	3
wSinvictaA	3
Acrocephalus sechellensis	4
Acyrthosiphon pisum	4
Ad	4
adenovirus	4
Agrobacterium tumefaciens	4
alfalfa	4
AMDV	4
AMDV strains	4
American alligators	4
Amnibacterium kyonggiense gen . nov . , sp . nov .	4
Amoebophrya sp .	4
Amylostereum areolatum	4
Anopheles peditaeniatus	4
Anoxybacillus eryuanensis	4
Anoxybacillus tengchongensis	4
Antheraea assamensis	4
Artemisia annua plants	4
Asian rice gall midge	4
Auritidibacter ignavus gen . nov . , sp . nov .	4
Bacillus amyloliquefaciens FZB42	4
Bactrocera cucurbitae	4
baculovirus	4
BChV	4
bean bug	4
Blastocladiella emersonii	4
BLRV	4
blue - footed boobies	4
B . mori	4
BMYV	4
bread wheat	4
B strain	4
B . terrestris	4
Burkholderia cenocepacia	4
BWYV	4
CABYV	4
Candida glabrata	4
Candida guilliermondii	4
canine	4
castor bean	4
C . bombi	4
C . damasonium	4
Cephalanthera damasonium	4
C . fetus	4
Clostridiisalibacter paucivorans	4
Clostridium difficile	4
Cochliomyia hominivorax	4
Colpoda cucullus	4
Coprinopsis cinerea	4
Copromyxa protea	4
Corynebacterium glutamicum R	4
Corynebacterium pseudotuberculosis I19	4
Corythucha ciliata	4
Cotesia plutellae bracovirus	4
Cotterillia	4
cow	4
Coxsackievirus A16	4
Cronartium quercuum f . sp . fusiforme	4
cucumber	4
Culex pipiens	4
CYDV - RPV	4
Debaryomyces hansenii	4
Diabrotica virgifera	4
durum wheat	4
E1162DeltaintA	4
EHEC	4
EHEC O157 : H7	4
Elephant	4
Entamoeba coli	4
Entamoeba polecki	4
Enterococcus faecium	4
Epstein - Barr virus	4
F . johnsoniae	4
Flavobacterium johnsoniae	4
Flavobacterium ponti sp . nov .	4
FMD	4
FMDV	4
F . oxysporum	4
Fusarium oxysporum	4
Fusarium verticillioides	4
FV	4
F . verticillioides	4
garter snake	4
Geleia sinica spec . nov .	4
Ginkgo biloba	4
Glomus intraradices	4
G . mellonella	4
goats	4
Gordonia humi sp . nov .	4
greater wax moth	4
great tit	4
green turtles	4
grey - crowned babbler	4
Gymnodinium myriopyrenoides	4
gyrfalcons	4
H1	4
H1N1 viruses	4
H99	4
Heliconius erato	4
Hepatitis delta virus	4
hihi	4
H . nuttallii	4
honeybees	4
honey bees	4
Hortaea werneckii	4
house flies	4
H . pauciflorus	4
human adenoviruses	4
Hypocrea jecorina	4
infectious myonecrosis virus	4
influenza A viruses	4
JC polyomaviruses	4
Jiangella muralis sp . nov .	4
Klebsiella pneumoniae	4
Klebsormidium flaccidum	4
K . subtilissimum	4
Larrea tridentata	4
L . chlorophorum	4
leafminers	4
Lentinula edodes	4
Leptogium saturninum	4
Litoreibacter albidus	4
Litoreibacter janthinus	4
L . japonicus	4
Lotus japonicus	4
LPU83	4
Lucilia sericata	4
Manihot glaziovii	4
M . anisopliae	4
Marinobacterium coralli sp . nov .	4
M . domestica	4
melon fly	4
Mesorhizobium loti	4
Metarhizium brunneum	4
Methanobacterium ferruginis sp . nov .	4
Methanobacterium petrolearium sp . nov .	4
Methanoregula boonei 6A8	4
Methanoregula boonei gen . nov . , sp . nov .	4
Methanoregula formicica	4
Miniimonas arenae	4
mink	4
M . loti	4
M . luteolus	4
MMV	4
morels	4
M . rubra	4
Mussismilia hispida	4
Mycobacterium bovis	4
Mycoplasma pneumoniae	4
Mygona irmina	4
Myxococcus xanthus	4
N . dentiae	4
Neisseria shayeganii	4
Neisseria wadsworthii	4
Nilaparvata lugens	4
northern house mosquito	4
Nothofagus pumilio	4
Odontoglossum ringspot virus	4
Oramoeba fumarolia	4
Orseolia oryzae	4
Oscillochloris trichoides subsp . DG - 6	4
Ostrinia nubilalis	4
Paramecium bursaria	4
Paramecium pentaurelia	4
Parasterkiella thompsoni	4
Parvularcula bermudensis	4
P . brasiliensis species complex	4
P . caudatum	4
P . curvatus	4
pea aphid	4
Pectinophora gossypiella	4
Pelargonium x hortorum	4
Penicillium chrysogenum	4
Peregrinus maidis	4
P . gingivalis	4
Phaeodactylum tricornutum	4
Phytophthora nicotianae	4
Phytophthora sojae	4
Picea abies	4
Pichia membranifaciens	4
Plasmodium falciparum	4
PLRV	4
plum curculio	4
Plutella xylostella	4
Polysphondylium pallidum	4
predatory bug	4
Proteus mirabilis	4
PRV	4
Pseudacteon tricuspis	4
Pseudomonas fluorescens Q8r1 - 96	4
P . striolata	4
P . syringae	4
P . tricornutum	4
Quercus robur	4
rabbits	4
red - backed shrike	4
red imported fire ants	4
redshank	4
reindeer	4
retroviral	4
rhesus monkeys	4
Rhipicephalus appendiculatus	4
Rhodnius prolixus	4
rice plants	4
roundhead galaxias	4
Salmonella enterica serovar Typhimurium	4
S . aureus	4
SbDV	4
Scardovia inopinata	4
Scardovia wiggsiae	4
Sceloporus virgatus	4
S . chloranthus	4
Scrippsiella trochoidea	4
Seychelles warbler	4
sheep	4
S . invicta	4
Sitophilus zeamais	4
S . littoralis	4
S . negevensis	4
Solenopsis invicta	4
Song Wrens	4
Sordaria macrospora	4
Sparrowhawk	4
Spodoptera littoralis	4
S . sanguinis	4
S . subterranea	4
stable fly	4
Staphylococcus epidermidis	4
STEC	4
Stichococcus bacillaris	4
stink bug	4
Streptococcus pneumoniae	4
Streptococcus sanguinis	4
Streptomyces coelicolor	4
Streptomyces hyderabadensis sp . nov .	4
striped plateau lizards	4
subtype B	4
sugarcane	4
S . virgatus	4
sycamore lace bug	4
Synechocystis sp . strain PCC6803	4
Synechocystis sp . strain PCC 6803	4
T . castaneum	4
Tetranychus urticae	4
TGEV	4
Thermasporomyces composti gen . nov . , sp . nov .	4
Tiaris bicolor	4
T . ni	4
tobacco budworm	4
Tomato black ring virus	4
Toxoneuron nigriceps	4
Trichoderma brevicompactum	4
Trichoderma reesei	4
Trichoplusia ni	4
Turk rahvan horses	4
TuYV	4
type B human influenza virus	4
Varicella - zoster virus	4
Variovorax paradoxus	4
VarV	4
VEE	4
vesicular stomatitis virus	4
western corn rootworm	4
white - footed mice	4
white - throated dipper	4
willow ptarmigan	4
Xanthomonas campestris pv . campestris	4
X . campestris pv . campestris	4
Xoo	4
6C ( T )	5
broccoli	5
Chikungunya virus	5
Galleria mellonella	5
H1N1	5
HSV - 1	5
H . zea	5
influenza A H1N1	5
influenza A virus	5
Legionella pneumophila	5
M2T2B15	5
M . truncatula	5
Perigord black truffle	5
severe acute respiratory syndrome coronavirus	5
6A8	6
Aeropyrum pernix	6
An . gambiae	6
Anopheles gambiae	6
A . oryzae	6
Apis mellifera	6
apple	6
A . whisleri	6
brown planthopper	6
Bt	6
bull sharks	6
chamois	6
charr	6
chickens	6
Chromera velia	6
cotton	6
C . protea	6
CRF01 _ AE	6
C . tremulae	6
DBM	6
E . abietinum	6
Ebola virus	6
G . myriopyrenoides	6
H . annuus	6
Helianthus annuus	6
hepatitis C virus	6
honey bee	6
housefly	6
H . petiolaris	6
HTCC2170	6
Human	6
human cytomegalovirus	6
human immunodeficiency virus type 1	6
H . virescens	6
IHHNV	6
IMNV	6
long - tailed finches	6
M2 ( T )	6
MCCC 1A05965	6
Metallosphaera sedula	6
Methanococcus maripaludis	6
methanogenic archaea	6
M . maripaludis	6
MPX	6
Mycobacterium tuberculosis	6
NDV - H	6
Neisseria meningitidis	6
Nicotiana benthamiana	6
O	6
OsSPR1	6
Paracoccidioides brasiliensis	6
peach	6
P falciparum	6
P . gemmata	6
pig	6
Plasmodiophora brassicae	6
poliovirus	6
Poliovirus	6
Porphyromonas gingivalis	6
potato	6
R - 40509	6
rabbit	6
RCNMV	6
red foxes	6
respiratory syncytial virus	6
Salmonella enterica	6
Salmo trutta	6
SARS - CoV	6
Schizosaccharomyces pombe	6
Shigella boydii	6
SIVcpz	6
SIVmac	6
SIVsm	6
S . meliloti	6
sunflower	6
TBE	6
T . brevicompactum	6
TBRV	6
T . ekebladella	6
Tetrahymena thermophila	6
Tribolium castaneum	6
truffle	6
type A H1N1	6
VacV	6
V . cholerae	6
viral	6
white spruce	6
yeasts	6
fire ant	7
KSHV	7
L . pneumophila	7
Norway spruce	7
Sinorhizobium meliloti	7
Yeast	7
A	8
Asia 1	8
A . thaliana	8
Bdellovibrio bacteriovorus	8
B . dorsalis	8
Beauveria bassiana	8
Botrytis cinerea	8
class I	8
dengue virus	8
D . melanogaster	8
F . gelidilacus	8
Fusarium graminearum	8
Geocoris	8
G . molesta	8
Gouldian finch	8
HAV	8
Heliothis virescens	8
Lassa virus	8
L . edodes	8
lettuce	8
L . sericata	8
MDV1	8
measles virus	8
M . oryzae	8
M . smegmatis	8
Musca domestica	8
P . aeruginosa	8
Paramecium caudatum	8
P . coloniale	8
Pst DC3000	8
P . typicus	8
S aureus	8
SIV	8
S . symbiotica	8
Staphylococcus aureus	8
swine	8
tiger sharks	8
T . nigriceps	8
UAMS - 1	8
VV	8
YC6903	8
Aspergillus niger	9
Magnaporthe oryzae	9
Ad5	10
A . niger	10
Aspergillus oryzae	10
B . g . hordei	10
B . g . tritici	10
cacao	10
CAV9	10
CBSV	10
C . ciliata	10
chicken	10
DAstV	10
EBV	10
elephant	10
F . aquilonia	10
IMMIB L - 1656 ( T )	10
JUNV	10
KSL51201 - 037 ( T )	10
LASV	10
M . australis	10
M . brunneum	10
M . esculenta	10
N . lugens	10
OU - 40	10
P . tricuspis	10
PV	10
Q8r1 - 96	10
simian immunodeficiency virus	10
SMSP ( T )	10
S . zeamais	10
Trialeurodes vaporariorum	10
UCBSV	10
FGSC	11
Zea mays	11
15 - Je - 017 ( T )	12
Atlantic salmon	12
Bacillus anthracis	12
Bdellovibrio	12
Bemisia tabaci	12
Bombus terrestris	12
Bti	12
cattle	12
CC - 12301 ( T )	12
C . guilliermondii	12
Ch . velia	12
cuckoo	12
dengue	12
hepatitis B virus	12
HPV8	12
influenza virus	12
JEC21	12
KMM 3842	12
KMM 3851	12
M . bovis	12
MCDV	12
Newman	12
Oryza sativa	12
RCMV	12
TBE virus	12
TBSV	12
trout	12
U . maydis	12
YM18 - 15	12
Ae . aegypti	13
corn	13
A . castellanii	14
B . cucurbitae	14
cassava	14
C . heterostrophus	14
CHIKV	14
E - 112	14
galaxias	14
N . crassa	14
Newcastle disease virus	14
ORSV	14
P . maidis	14
pneumococcal	14
SIVmac239	14
T - 11	14
Bombyx mori	15
VSV	15
Aedes aegypti	16
barley	16
B . subtilis	16
CA16	16
C . difficile	16
Drosophila	16
Drosophila melanogaster	16
M . tuberculosis	16
Pseudomonas aeruginosa	16
Ustilago maydis	16
vaccinia virus	16
F . graminearum	17
S . cerevisiae	17
silkworm	17
Arctic charr	18
Cryptococcus neoformans	18
Neurospora crassa	18
T . melanosporum	18
Tuber melanosporum	19
Arabidopsis thaliana	20
C . neoformans	20
GSW - R14	20
B . bassiana	21
B . anthracis	22
B . tabaci	22
C . luttrellii	22
E . coli	22
VZV	22
NDV	24
RSV	24
tobacco	24
A . fumigatus	26
C . albicans	26
humans	27
HCMV	28
T . vaporariorum	28
A . nidulans	29
Arabidopsis	29
Saccharomyces cerevisiae	29
Bacillus subtilis	30
brown trout	30
Candida albicans	30
HBV	30
wheat	30
HDV	32
Aspergillus fumigatus	37
MV	38
mouse	39
maize	40
tomato	42
Aspergillus nidulans	45
HCV	54
mice	58
rice	64
yeast	68
HIV	72
Escherichia coli	78
HIV - 1	96
human	162
